alias_address,alias_city,geocode,geometry,georeferencingString,type
via palach jan,Milano,"Via Jan Palach, Conca Fallata, Municipio 5, Milano, Lombardia, 20142, Italia","{'type': 'Point', 'coordinates': [9.166932, 45.4287736]}",via palach jan,POINT
via stephenson giorgio,Milano,"Via Giorgio Stephenson, Maggiore - Musocco, Roserio, Milano, Lombardia, 20151, Italia","{'type': 'Point', 'coordinates': [9.1133368, 45.5140864]}",via stephenson giorgio,POINT
via vaiano valle,Milano,"Via Vaiano Valle, Parco delle Abbazie, Municipio 5, Vaiano Valle, Milano, Lombardia, 20139, Italia","{'type': 'Point', 'coordinates': [9.2160039, 45.4291911]}",via vaiano valle,POINT
via bardolino,Milano,"Via Bardolino, Parco dei Navigli, Ronchetto sul Naviglio, Milano, Lombardia, 20090, Italia","{'type': 'Point', 'coordinates': [9.1370393, 45.4255889]}",via bardolino,POINT
via san vittore,Milano,"Via San Vittore, San Vittore, Municipio 1, Milano, Lombardia, 20144, Italia","{'type': 'Point', 'coordinates': [9.166747, 45.4644312]}",via san vittore,POINT
via senofonte,Milano,"Via Senofonte, Tre Torri, Tre Torri-Fiera, Milano, Lombardia, 20145, Italia","{'type': 'Point', 'coordinates': [9.1591415, 45.4752568]}",via senofonte,POINT
via quintosole,Milano,"Via Quintosole, Quintosole, Municipio 5, Quintosole, Milano, Lombardia, 20141, Italia","{'type': 'Point', 'coordinates': [9.2051699, 45.4034206]}",via quintosole,POINT
via de amicis edmondo,Milano,"Via Edmondo De Amicis, Sant'Ambrogio, Municipio 1, Milano, Lombardia, 20123, Italia","{'type': 'Point', 'coordinates': [9.1748675, 45.4605267]}","Via Edmondo De Amicis, Sant'Ambrogio, Municipio 1, Milano, Lombardia, 20123, Italia",POINT
viale sarca,Milano,"Viale Sarca, Bicocca, Milano, Lombardia, 20126, Italia","{'type': 'Point', 'coordinates': [9.209236, 45.5164327]}","Viale Sarca, Bicocca, Milano, Lombardia, 20126, Italia",POINT
via de vincenti angelo,Milano,"Via Angelo de Vincenti, Selinunte, San Siro, Milano, Lombardia, 20148, Italia","{'type': 'Point', 'coordinates': [9.1406221, 45.476897]}","Via Angelo de Vincenti, Selinunte, San Siro, Milano, Lombardia, 20148, Italia",POINT
via ripamonti giuseppe,Milano,"Via Giuseppe Ripamonti, Ripamonti, Vigentino, Milano, Lombardia, 20141, Italia","{'type': 'Point', 'coordinates': [9.2006036, 45.4361686]}",via ripamonti giuseppe,POINT
via martinazzoli antonio,Milano,"Via Antonio Martinazzoli, Bruzzano, Milano, Lombardia, 20161, Italia","{'type': 'Point', 'coordinates': [9.1759686, 45.5285213]}",via martinazzoli antonio,POINT
via achille,Milano,"Via Achille, San Siro, Lampugnano, Milano, Lombardia, 20148, Italia","{'type': 'Point', 'coordinates': [9.1247643, 45.4798235]}",via achille,POINT
via manduria,Milano,"Via Manduria, Ronchetto delle Rane, Municipio 5, Ronchetto delle Rane, Milano, Lombardia, 20142, Italia","{'type': 'Point', 'coordinates': [9.1808063, 45.4028784]}",via manduria,POINT
via agordat,Milano,"Via Agordat, Padova, Cimiano, Milano, Lombardia, 20132, Italia","{'type': 'Point', 'coordinates': [9.2342423, 45.5016419]}",via agordat,POINT
via rizzoli angelo,Milano,"Via Angelo Rizzoli, Parco Lambro - Cimiano, Crescenzago, Milano, Lombardia, 20132, Italia","{'type': 'Point', 'coordinates': [9.252651, 45.506433]}",,POINT
via cilea francesco,Milano,"Via Francesco Cilea, Gallaratese, Milano, Lombardia, 20151, Italia","{'type': 'Point', 'coordinates': [9.1069668, 45.497605]}","20100 MILANO, via francesco cilea",POINT
viale de gasperi,Milano,"Viale Alcide De Gasperi, Qt 8, QT8, Milano, Lombardia, 20148, Italia","{'type': 'Point', 'coordinates': [9.1441566, 45.4859236]}","20100 MILANO, viale alcide de gasperi",POINT
via salvemini gaetano,Milano,"Via G. Salvemini, Seguro, Milano, Lombardia, 20019, Italia","{'type': 'Point', 'coordinates': [9.0708694, 45.4720338]}","20100 MILANO, via gaetano salvemini",POINT
via de chirico giorgio,Milano,"Via Giorgio de Chirico, Trenno, Milano, Lombardia, 20016, Italia","{'type': 'Point', 'coordinates': [9.098542, 45.4949156]}","20100 MILANO, via giorgio de chirico",POINT
viale campania,Milano,"Viale Campania, Acquabella, Municipio 4, Milano, Lombardia, 20133, Italia","{'type': 'Point', 'coordinates': [9.2238367, 45.4673886]}","Viale Campania, Zona delle Regioni, Municipio 4, Milano, Lombardia, 20133, Italia",POINT
via scalarini giuseppe,Milano,"Via Giuseppe Scalarini, Scalo Romana, Vigentino, Milano, Lombardia, 20139, Italia","{'type': 'Point', 'coordinates': [9.2068238, 45.4382707]}","Via Giuseppe Scalarini, Scalo Romana, Vigentino, Milano, Lombardia, 20139, Italia",POINT
via capo palinuro,Milano,"Via Capo Palinuro, Ronchetto Sul Naviglio, Barona, Milano, Lombardia, 20090, Italia","{'type': 'Point', 'coordinates': [9.152479, 45.4387217]}","Via Capo Palinuro, Ronchetto Sul Naviglio, Barona, Milano, Lombardia, 20142, Italia",POINT
largo domodossola,Milano,"Via Domodossola, Portello, Tre Torri-Fiera, Milano, Lombardia, 20149, Italia","{'type': 'Point', 'coordinates': [9.1608652, 45.4808719]}","Via Domodossola, Portello, Tre Torri-Fiera, Milano, Lombardia, 20145, Italia",POINT
via comerio luca,Milano,"Via Luca Comerio, Pagano, Tre Torri-Fiera, Milano, Lombardia, 20145, Italia","{'type': 'Point', 'coordinates': [9.162247, 45.4763671]}","Via Luca Comerio, Pagano, Tre Torri-Fiera, Milano, Lombardia, 20145, Italia",POINT
via figini luigi,Milano,"Via Luigi Figini, Greco, Segnano, Milano, Lombardia, 20126, Italia","{'type': 'Point', 'coordinates': [9.2103243, 45.509863]}"," Via Luigi Figini, Bicocca, Segnano, Milano, Lombardia, 20126, Italia",POINT
via valtorta lodovico,Milano,"Via Lodovico Valtorta, Ticinese, Porta Lodovica, Milano, Lombardia, 20136, Italia","{'type': 'Point', 'coordinates': [9.1865774, 45.4461925]}","Via Lodovico Valtorta, Ticinese, Porta Lodovica, Milano, Lombardia, 20136, Italia",POINT
via tirone marco tullio,Milano,"Via Privata Marco Tullio Tirone, Lambrate, Ortica, Milano, Lombardia, 20134, Italia","{'type': 'Point', 'coordinates': [9.2401929, 45.472134]}","Via Privata Marco Tullio Tirone, Lambrate, Ortica, Milano, Lombardia, 20134, Italia",POINT
via spadolini giovanni,Milano,"Via Giovanni Spadolini, Ex Om - Morivione, Municipio 5, Milano, Lombardia, 20141, Italia","{'type': 'Point', 'coordinates': [9.1935299, 45.4423227]}","MILANO, via spadolini giovanni",POINT
via rossellini roberto,Milano,"Via Roberto Rossellini, Forze Armate, Quarto Cagnino, Milano, Lombardia, 20153, Italia","{'type': 'Point', 'coordinates': [9.1063252, 45.4690422]}","Via Roberto Rossellini, Quarto Cagnino, Milano, Lombardia, 20153, Italia",POINT
via airaghi gaetano,Milano,"Via Gaetano Airaghi, Parco Bosco In Città, Quinto Romano, Milano, Lombardia, 20153, Italia","{'type': 'Point', 'coordinates': [9.0830681, 45.4750852]}","MILANO, via airaghi gaetano",POINT
via faravelli luigi giuseppe,Milano,"Via Luigi Giuseppe Faravelli, Portello, Milano, Lombardia, 20149, Italia","{'type': 'Point', 'coordinates': [9.1548257, 45.4851718]}","MILANO, via faravelli luigi giuseppe",POINT
via canova antonio,Milano,"Via Antonio Canova, Zona industriale Via Giovanni Boccaccio, Trezzano sul Naviglio, Milano, Lombardia, 20083, Italia","{'type': 'Point', 'coordinates': [9.0545154, 45.4164042]}","MILANO, via canova antonio",POINT
via daimler gottlieb wilhelm,Milano,"Via Gottlieb Wilhelm Daimler, Cascina Merlata, Municipio 8, Milano, Lombardia, 20016, Italia","{'type': 'Point', 'coordinates': [9.098891, 45.5108691]}","MILANO, via daimler gottlieb wilhelm",POINT
via lambruschini raffaele,Milano,"Via Raffaele Lambruschini, Bovisa, Villapizzone, Milano, Lombardia, 20156, Italia","{'type': 'Point', 'coordinates': [9.153482, 45.502422]}","MILANO, via lambruschini raffaele",POINT
via ciaia ignazio,Milano,"Via Ignazio Ciaia, Dergano, Milano, Lombardia, 20158, Italia","{'type': 'Point', 'coordinates': [9.1766778, 45.5025654]}","MILANO, via ciaia ignazio",POINT
piazza del duomo,Milano,"Piazza del Duomo, Duomo, Municipio 1, Milano, Lombardia, 20122, Italia","{'type': 'Point', 'coordinates': [9.1926368, 45.4637018]}","Piazza del Duomo, Duomo, Municipio 1, Milano, Lombardia, 20121, Italia",POINT
corso italia,Milano,"Corso Italia, Vigentina, Porta Lodovica, Milano, Lombardia, 20136, Italia","{'type': 'Point', 'coordinates': [9.1870214, 45.4539261]}","Corso Italia, Vigentina, Porta Lodovica, Milano, Lombardia, 20122, Italia",POINT
viale elvezia,Milano,"Viale Giorgio Byron, Parco Sempione, Porta Sempione, Milano, Lombardia, 20154, Italia","{'type': 'Point', 'coordinates': [9.1750422, 45.4772472]}","Viale Giorgio Byron, Parco Sempione, Porta Sempione, Milano, Lombardia, 20154, Italia",POINT
piazza einaudi luigi,Milano,"Piazza Luigi Einaudi, Centro Direzionale, Municipio 9, Milano, Lombardia, 20124, Italia","{'type': 'Point', 'coordinates': [9.1957753, 45.4841974]}","Piazza Luigi Einaudi, Centro Direzionale, Municipio 9, Milano, Lombardia, 20124, Italia",POINT
via gioia melchiorre,Milano,"Via Melchiorre Gioia, Abbadesse, Municipio 2, Milano, Lombardia, 28125, Italia","{'type': 'Point', 'coordinates': [9.2011821, 45.4897433]}","Via Melchiorre Gioia, Abbadesse, Municipio 2, Milano, Lombardia, 20124, Italia",POINT
viale monte nero,Milano,"Viale Monte Nero, XXII Marzo, Porta Romana, Milano, Lombardia, 20135, Italia","{'type': 'Point', 'coordinates': [9.2057555, 45.4576833]}","Viale Monte Nero, Porta Romana, Milano, Lombardia, 20135, Italia",POINT
via savona,Milano,"Via Savona, Foppette, Municipio 6, Milano, Lombardia, 20143, Italia","{'type': 'Point', 'coordinates': [9.1551748, 45.4513238]}","Via Savona, Foppette, Municipio 6, Milano, Lombardia, 20143, Italia",POINT
piazza del rosario,Milano,"Piazza del Rosario, Tortona, Municipio 6, Milano, Lombardia, 20144, Italia","{'type': 'Point', 'coordinates': [9.1629203, 45.4554876]}","Piazza del Rosario, Tortona, Municipio 6, Milano, Lombardia, 20144, Italia",POINT
via minzoni don giovanni,Milano,"Via Don Giovanni Minzoni, Dergano, Milano, Lombardia, 20158, Italia","{'type': 'Point', 'coordinates': [9.1690897, 45.5050402]}","Via Don Giovanni Minzoni, Bovisa, Dergano, Milano, Lombardia, 20158, Italia",POINT
via farini carlo,Milano,"Via Carlo Farini, Isola, Municipio 9, Milano, Lombardia, 20159, Italia","{'type': 'Point', 'coordinates': [9.1853511, 45.4944636]}","Via Carlo Farini, Zona Farini, Municipio 9, Milano, Lombardia, 20159, Italia",POINT
via bovisasca,Milano,"Via Bovisasca, Bovisa, Milano, Lombardia, 20158, Italia","{'type': 'Point', 'coordinates': [9.1611276, 45.5033067]}","Via Bovisasca, Bovisa, Milano, Lombardia, 20158, Italia",POINT
viale fermi enrico,Milano,"Viale Enrico Fermi, Affori, Bruzzano, Milano, Lombardia, 20161, Italia","{'type': 'Point', 'coordinates': [9.1742341, 45.5214322]}","Viale Enrico Fermi, Affori, Milano, Lombardia, 20161, Italia",POINT
via ripamonti giuseppe,Milano,"Via Giuseppe Ripamonti, Parco delle Abbazie, Municipio 5, Milano, Lombardia, 20141, Italia","{'type': 'Point', 'coordinates': [9.2035074, 45.4202355]}","Via Giuseppe Ripamonti, Parco delle Abbazie, Municipio 5, Milano, Lombardia, 20141, Italia",POINT
via muggiano,Milano,"Via Muggiano, Muggiano, Milano, Lombardia, 20019, Italia","{'type': 'Point', 'coordinates': [9.0684657, 45.449286]}","Via Muggiano, Muggiano, Milano, Lombardia, 20019, Italia",POINT
viale gadio,Milano,"Viale Gerolamo Gadio, Castello, Municipio 1, Milano, Lombardia, 20121, Italia","{'type': 'Point', 'coordinates': [9.1817032, 45.47383]}","20100 MILANO, viale gerolamo gadio",POINT
piazzale marengo,Milano,"Piazzale Marengo, Castello, Municipio 1, Milano, Lombardia, 20121, Italia","{'type': 'Point', 'coordinates': [9.1824839, 45.4732475]}","20100 MILANO, piazzale marengo",POINT
bastioni di porta venezia,Milano,"Bastioni di Porta Venezia, Giardini Porta Venezia, Porta Venezia, Milano, Lombardia, 20124, Italia","{'type': 'Point', 'coordinates': [9.2010086, 45.4760608]}","20100 MILANO, bastioni di porta venezia",POINT
via sassoferrato,Milano,"Via Sassoferrato, Guastalla, Porta Romana, Milano, Lombardia, 20135, Italia","{'type': 'Point', 'coordinates': [9.2023642, 45.4527685]}","20100 MILANO, via sassoferrato",POINT
largo d'aragona isabella,Milano,"Largo Isabella d'Aragona, Vigentina, Municipio 1, Milano, Lombardia, 20136, Italia","{'type': 'Point', 'coordinates': [9.1907527, 45.4519424]}","20100 MILANO, largo isabella d'aragona",POINT
via banfi antonio,Milano,"Via Antonio Banfi, Ticinese, Porta Ticinese, Milano, Lombardia, 20136, Italia","{'type': 'Point', 'coordinates': [9.1832623, 45.4555]}","20100 MILANO, via antonio banfi",POINT
viale alemagna emilio,Milano,"Viale Emilio Alemagna, Parco Sempione, Porta Sempione, Milano, Lombardia, 20123, Italia","{'type': 'Point', 'coordinates': [9.1746747, 45.4703808]}","20100 MILANO, viale emilio alemagna",POINT
piazza sempione,Milano,"Piazza Sempione, Parco Sempione, Porta Sempione, Milano, Lombardia, Italia","{'type': 'Point', 'coordinates': [9.1715586, 45.4754503]}","20100 MILANO, piazza sempione",POINT
piazzale baiamonti antonio,Milano,"Piazzale Antonio Baiamonti, Porta Volta, Municipio 1, Milano, Lombardia, 20154, Italia","{'type': 'Point', 'coordinates': [9.1814175, 45.4819229]}","20100 MILANO, piazzale antonio baiamonti",POINT
viale brianza,Milano,"Viale Brianza, Buenos Aires - Venezia, Loreto, Milano, Lombardia, 20131, Italia","{'type': 'Point', 'coordinates': [9.2153797, 45.4862988]}","20100 MILANO, viale brianza",POINT
largo de benedetti aldo,Milano,"Largo Aldo De Benedetti, Centro Direzionale, Municipio 9, Milano, Lombardia, 20124, Italia","{'type': 'Point', 'coordinates': [9.1943889, 45.4859357]}","20100 MILANO, largo aldo de benedetti",POINT
via villani dino,Milano,"Via Dino Villani, Maciachini - Maggiolina, Montalbino, Milano, Lombardia, 20159, Italia","{'type': 'Point', 'coordinates': [9.1890529, 45.4987338]}","20100 MILANO, via dino villani",POINT
via bauer riccardo,Milano,"Via Riccardo Bauer, Niguarda - Cà Granda, Niguarda, Milano, Lombardia, 20162, Italia","{'type': 'Point', 'coordinates': [9.1924055, 45.5174458]}","20100 MILANO, via riccardo bauer",POINT
via chiese,Milano,"Via Chiese, Bicocca, Milano, Lombardia, 20126, Italia","{'type': 'Point', 'coordinates': [9.2187857, 45.5199545]}","20100 MILANO, via chiese",POINT
via don roberto bigiogiera,Milano,"Via Don Roberto Bigiogera, Viale Monza, Precotto, Milano, Lombardia, 20128, Italia","{'type': 'Point', 'coordinates': [9.2276676, 45.5132477]}","20100 MILANO, via don roberto bigiogera",POINT
via del ricordo,Milano,"Via del Ricordo, Adriano, Crescenzago, Milano, Lombardia, 20132, Italia","{'type': 'Point', 'coordinates': [9.2423244, 45.5101779]}","20100 MILANO, via del ricordo",POINT
via feltre,Milano,"Via Feltre, Parco Lambro - Cimiano, Rottole, Milano, Lombardia, 20132, Italia","{'type': 'Point', 'coordinates': [9.2389302, 45.4911496]}","20100 MILANO, via feltre",POINT
via predabissi francesco,Milano,"Via Francesco Predabissi, Loreto, Casoretto, Milano, Lombardia, 20131, Italia","{'type': 'Point', 'coordinates': [9.2235827, 45.4898959]}","20100 MILANO, via francesco predabissi",POINT
via castel morrone,Milano,"Via Castel Morrone, Zona Risorgimento, Municipio 3, Milano, Lombardia, 20129, Italia","{'type': 'Point', 'coordinates': [9.2147351, 45.4714651]}","20100 MILANO, via castel morrone",POINT
piazza occhialini giuseppe,Milano,"Piazza Giuseppe ""Beppo"" Occhialini, Città Studi, Milano, Lombardia, 20133, Italia","{'type': 'Point', 'coordinates': [9.2267921, 45.4732967]}","20100 MILANO, piazza giuseppe occhialini",POINT
viale forlanini enrico,Milano,"Viale Enrico Forlanini, Mecenate, Quartiere Forlanini, Milano, Lombardia, 20133, Italia","{'type': 'Point', 'coordinates': [9.2378776, 45.4620128]}","20100 MILANO, viale enrico forlanini",POINT
largo sereni vittorio,Milano,"Largo Vittorio Sereni, Corsica, Municipio 4, Milano, Lombardia, 20133, Italia","{'type': 'Point', 'coordinates': [9.2349231, 45.4668268]}","20100 MILANO, largo vittorio sereni",POINT
viale lazio,Milano,"Viale Lazio, Porta Romana, Milano, Lombardia, 20135, Italia","{'type': 'Point', 'coordinates': [9.2085416, 45.4548545]}","20100 MILANO, viale lazio",POINT
piazza buozzi bruno,Milano,"Piazza Bruno Buozzi, Porta Romana, Milano, Lombardia, 20135, Italia","{'type': 'Point', 'coordinates': [9.2065129, 45.4495963]}","20100 MILANO, piazza bruno buozzi",POINT
via colletta pietro,Milano,"Via Pietro Colletta, Porta Romana, Milano, Lombardia, 20135, Italia","{'type': 'Point', 'coordinates': [9.2095003, 45.449745]}","20100 MILANO, via colletta pietro",POINT
via tertulliano,Milano,"Via Tertulliano, Umbria - Molise, Porta Romana, Milano, Lombardia, 20135, Italia","{'type': 'Point', 'coordinates': [9.2129269, 45.4506222]}","20100 MILANO, via tertulliano",POINT
via taliedo,Milano,"Via Taliedo, Mecenate, Morsenchio, Milano, Lombardia, 20138, Italia","{'type': 'Point', 'coordinates': [9.2477189, 45.4437731]}","20100 MILANO, via taliedo",POINT
via vittorini elio,Milano,"Via Elio Vittorini, Parco Monluè - Ponte Lambro, Ponte Lambro, Milano, Lombardia, 20138, Italia","{'type': 'Point', 'coordinates': [9.2606472, 45.4442743]}","20100 MILANO, via elio vittorini",POINT
via george orwell,Milano,"Via George Orwell, Rogoredo, Milano, Lombardia, 20138, Italia","{'type': 'Point', 'coordinates': [9.2409983, 45.4314739]}","20100 MILANO, via george orwell",POINT
via pizzolpasso francesco,Milano,"Via Francesco Pizzolpasso, Rogoredo, Milano, Lombardia, 20138, Italia","{'type': 'Point', 'coordinates': [9.2426625, 45.4343341]}","20100 MILANO, via pizzolpasso francesco",POINT
via sant'arialdo,Milano,"Via Sant'Arialdo, Lodi - Corvetto, Rogoredo, Chiaravalle, Milano, Lombardia, 20138, Italia","{'type': 'Point', 'coordinates': [9.2403853, 45.4270472]}","20100 MILANO, via sant'arialdo",POINT
via sant'arialdo,Milano,"Via Sant'Arialdo, Lodi - Corvetto, Rogoredo, Chiaravalle, Milano, Lombardia, 20138, Italia","{'type': 'Point', 'coordinates': [9.2403853, 45.4270472]}","20100 MILANO, via sant'arialdo",POINT
via san dionigi,Milano,"Via San Dionigi, Scalo Romana, Corvetto, Vaiano Valle, Milano, Lombardia, 20139, Italia","{'type': 'Point', 'coordinates': [9.2172354, 45.4368549]}","20100 MILANO, via san dionigi",POINT
via ferrari virgilio,Milano,"Via Virgilio Ferrari, Morivione, Municipio 5, Milano, Lombardia, 20141, Italia","{'type': 'Point', 'coordinates': [9.1922605, 45.4344488]}","20100 MILANO, via virgilio ferrari",POINT
via camporgnago,Milano,"Via Camporgnago, Parco delle Abbazie, Municipio 5, Quintosole, Milano, Lombardia, 20141, Italia","{'type': 'Point', 'coordinates': [9.2055295, 45.4013904]}","20100 MILANO, via camporgnago",POINT
via pescara,Milano,"Via Pescara, Ronchetto delle Rane, Municipio 5, Ronchetto delle Rane, Milano, Lombardia, 20142, Italia","{'type': 'Point', 'coordinates': [9.1825635, 45.4011002]}","20100 MILANO, via pescara",POINT
via romeo nicola,Milano,"Via Nicola Romeo, Gratosoglio - Ticinello, Gratosoglio, Milano, Lombardia, 20142, Italia","{'type': 'Point', 'coordinates': [9.1777054, 45.4200286]}","20100 MILANO, via nicola romeo",POINT
via ferrari virgilio,Milano,"Via Virgilio Ferrari, Morivione, Municipio 5, Milano, Lombardia, 20141, Italia","{'type': 'Point', 'coordinates': [9.1922605, 45.4344488]}","20100 MILANO, via virgilio ferrari",POINT
via gandino cristoforo,Milano,"Via Cristoforo Gandino, Tibaldi, Chiesa Rossa, Milano, Lombardia, 20136, Italia","{'type': 'Point', 'coordinates': [9.1785097, 45.4394433]}","20100 MILANO, via cristoforo gandino",POINT
viale romolo,Milano,"Viale Romolo, Navigli, Moncucco, Milano, Lombardia, 20143, Italia","{'type': 'Point', 'coordinates': [9.1676008, 45.4453921]}","20100 MILANO, viale romolo",POINT
via carlo bo,Milano,"Via Carlo Bo, San Cristoforo, Moncucco, Milano, Lombardia, 20143, Italia","{'type': 'Point', 'coordinates': [9.1633109, 45.4407692]}","20100 MILANO, via carlo bo",POINT
via mazzolari,Milano,"Via Don Primo Mazzolari, Barona, Milano, Lombardia, 20090, Italia","{'type': 'Point', 'coordinates': [9.1443943, 45.434712]}","20100 MILANO, via don primo mazzolari",POINT
via de finetti giuseppe,Milano,"Via Giuseppe De Finetti, Cantalupa, Milano, Lombardia, 20142, Italia","{'type': 'Point', 'coordinates': [9.1579777, 45.4247973]}","20100 MILANO, via giuseppe de finetti",POINT
via santi fernando,Milano,"Via Fernando Santi, Ronchetto Sul Naviglio, Ronchetto sul Naviglio, Milano, Lombardia, 20090, Italia","{'type': 'Point', 'coordinates': [9.1236711, 45.4363146]}","20100 MILANO, via fernando santi",POINT
via dei tulipani,Milano,"Via dei Tulipani, Giambellino, Lorenteggio, Milano, Lombardia, 20146, Italia","{'type': 'Point', 'coordinates': [9.1373767, 45.4500858]}","20100 MILANO, via dei tulipani",POINT
via modigliani amedeo,Milano,"Via Amedeo Modigliani, Zona Solari, Municipio 6, Milano, Lombardia, 20144, Italia","{'type': 'Point', 'coordinates': [9.1576684, 45.4560426]}","20100 MILANO, via amedeo modigliani",POINT
via parmigianino,Milano,"Via Parmigianino, La Maddalena, Municipio 7, Milano, Lombardia, 20146, Italia","{'type': 'Point', 'coordinates': [9.1461917, 45.4669394]}","20100 MILANO, via parmigianino",POINT
via gio' ponti,Milano,"Via Gio' Ponti, Bande Nere, Arzaga, Milano, Lombardia, 20147, Italia","{'type': 'Point', 'coordinates': [9.1327346, 45.4577598]}","20100 MILANO, via gio' ponti",POINT
via valsesia,Milano,"Via Valsesia, Baggio, Milano, Lombardia, 20152, Italia","{'type': 'Point', 'coordinates': [9.1014757, 45.4529572]}","20100 MILANO, via valsesia",POINT
largo don saturnino villa,Milano,"Largo Don Saturnino Villa, Muggiano, Milano, Lombardia, 20019, Italia","{'type': 'Point', 'coordinates': [9.069954, 45.4508455]}","20100 MILANO, largo don saturnino villa",POINT
via don giuseppe gervasini,Milano,"Via Don Giuseppe Gervasini, Baggio, Milano, Lombardia, 20153, Italia","{'type': 'Point', 'coordinates': [9.082061, 45.4656766]}","20100 MILANO, via don giuseppe gervasini",POINT
via novara,Milano,"Via Novara, Selinunte, Molinazzo, Milano, Lombardia, 20147, Italia","{'type': 'Point', 'coordinates': [9.1294355, 45.4682568]}","20100 MILANO, via novara",POINT
via parmigianino,Milano,"Via Parmigianino, La Maddalena, Municipio 7, Milano, Lombardia, 20146, Italia","{'type': 'Point', 'coordinates': [9.1461917, 45.4669394]}","20100 MILANO, via parmigianino",POINT
piazzale carlo magno,Milano,"Piazzale Carlo Magno, Portello, Tre Torri-Fiera, Milano, Lombardia, 20149, Italia","{'type': 'Point', 'coordinates': [9.1556165, 45.4812407]}","20100 MILANO, piazzale carlo magno",POINT
via montale,Milano,"Via Eugenio Montale, Gallaratese, Lampugnano, Milano, Lombardia, 20151, Italia","{'type': 'Point', 'coordinates': [9.1180677, 45.4880327]}","20100 MILANO, via eugenio montale",POINT
via milly mignone carla,Milano,"Via Milly Carla Mignone, Quarto Cagnino, Milano, Lombardia, 20153, Italia","{'type': 'Point', 'coordinates': [9.106285, 45.472758]}","20100 MILANO, via milly carla mignone",POINT
via cavaliere alberto,Milano,"Via Alberto Cavaliere, Figino, Milano, Lombardia, 20016, Italia","{'type': 'Point', 'coordinates': [9.0767215, 45.494086]}","20100 MILANO, via alberto cavaliere",POINT
via vergiate,Milano,"Via Vergiate, Gallaratese, Milano, Lombardia, 20151, Italia","{'type': 'Point', 'coordinates': [9.1135701, 45.4988228]}","20100 MILANO, via vergiate",POINT
via albertini alfredo,Milano,"Via Alfredo Albertini, Sarpi, Municipio 1, Milano, Lombardia, 20154, Italia","{'type': 'Point', 'coordinates': [9.1722037, 45.4810962]}","20100 MILANO, via alfredo albertini",POINT
via calvino giovanni,Milano,"Via Giovanni Calvino, Zona Farini, Bullona, Milano, Lombardia, 20154, Italia","{'type': 'Point', 'coordinates': [9.1721783, 45.4900773]}","20100 MILANO, via giovanni calvino",POINT
largo zanuso marco,Milano,"Largo Marco Zanuso, Villapizzone, Portello, Milano, Lombardia, Italia","{'type': 'Point', 'coordinates': [9.147657755873018, 45.48996435]}","20100 MILANO, largo marco zanuso",POINT
via tonale,Milano,"Via Tonale, Centrale, Municipio 2, Milano, Lombardia, 28125, Italia","{'type': 'Point', 'coordinates': [9.2037021, 45.488482]}","20100 MILANO, via tonale",POINT
via belgioioso cristina,Milano,"Via Cristina Belgioioso, Sacco, Roserio, Milano, Lombardia, 20157, Italia","{'type': 'Point', 'coordinates': [9.1189502, 45.5178498]}","20100 MILANO, via cristina belgioioso",POINT
via campanella tommaso,Milano,"Via Tommaso Campanella, Quartiere Morona, Trezzano sul Naviglio, Milano, Lombardia, 20083, Italia","{'type': 'Point', 'coordinates': [9.0540456, 45.4292359]}","20100 MILANO, via campanella tommaso",POINT
via don francesco b. della torre,Milano,"Via Don Francesco Beniamino Della Torre, Quarto Oggiaro, Milano, Lombardia, 20157, Italia","{'type': 'Point', 'coordinates': [9.1389863, 45.5094165]}","20100 MILANO, via don francesco beniamino della torre",POINT
via calvino giovanni,Milano,"Via Giovanni Calvino, Zona Farini, Bullona, Milano, Lombardia, 20154, Italia","{'type': 'Point', 'coordinates': [9.1721783, 45.4900773]}","20100 MILANO, via giovanni calvino",POINT
via trevi,Milano,"Via Trevi, Affori, Dergano, Milano, Lombardia, 20158, Italia","{'type': 'Point', 'coordinates': [9.1801293, 45.5076175]}","20100 MILANO, via trevi",POINT
via cascina dei prati,Milano,"Via Cascina dei Prati, Bovisasca, Milano, Lombardia, 20161, Italia","{'type': 'Point', 'coordinates': [9.1569598, 45.5138078]}","20100 MILANO, via cascina dei prati",POINT
via morlotti ennio,Milano,"Via Ennio Morlotti, Bruzzano, Milano, Lombardia, 20161, Italia","{'type': 'Point', 'coordinates': [9.1695792, 45.5291829]}","20100 MILANO, via ennio morlotti",POINT
via comboni daniele,Milano,"Via Daniele Comboni, Parco Nord, Bruzzano, Milano, Lombardia, 20161, Italia","{'type': 'Point', 'coordinates': [9.1806343, 45.5247388]}","20100 MILANO, via daniele comboni",POINT
via ferrari virgilio,Milano,"Via Virgilio Ferrari, Morivione, Municipio 5, Milano, Lombardia, 20141, Italia","{'type': 'Point', 'coordinates': [9.1922605, 45.4344488]}","20100 MILANO, via virgilio ferrari",POINT
via de pretis agostino,Milano,"Via Agostino De Pretis, Barona, Quartiere Sant'Ambrogio, Milano, Lombardia, 20142, Italia","{'type': 'Point', 'coordinates': [9.1586419, 45.4290353]}","20100 MILANO, via agostino de pretis",POINT
via galvani luigi,Milano,"Via Luigi Galvani, Loirano, Trezzano sul Naviglio, Milano, Lombardia, 20094, Italia","{'type': 'Point', 'coordinates': [9.0731218, 45.4241616]}","20100 MILANO, via galvani luigi",POINT
vicolo ciovasso,Milano,"1, Vicolo Ciovasso, Brera, Municipio 1, Milano, Lombardia, 20121, Italia","{'type': 'Point', 'coordinates': [9.1868059, 45.469749]}","1, Vicolo Ciovasso, Brera, Municipio 1, Milano, Lombardia, 20121, Italia",POINT
corso venezia,Milano,"Porta Venezia, Piazza Guglielmo Oberdan, Giardini Porta Venezia, Porta Venezia, Milano, Lombardia, 20129, Italia","{'type': 'Point', 'coordinates': [9.20480119105478, 45.47449805]}","Porta Venezia, Piazza Guglielmo Oberdan, Giardini Porta Venezia, Porta Venezia, Milano, Lombardia, 20129, Italia",POINT
via senato,Milano,"22, Via Senato, Guastalla, Porta Nuova, Milano, Lombardia, 20121, Italia","{'type': 'Point', 'coordinates': [9.1963398, 45.4714566]}","22, Via Senato, Guastalla, Porta Nuova, Milano, Lombardia, 20121, Italia",POINT
corso di porta romana,Milano,"100, Corso di Porta Romana, Guastalla, Porta Romana, Milano, Lombardia, 20122, Italia","{'type': 'Point', 'coordinates': [9.1969568, 45.4552766]}","100, Corso di Porta Romana, Guastalla, Porta Romana, Milano, Lombardia, 20122, Italia",POINT
piazza della repubblica,Milano,"24, Piazza della Repubblica, Centrale, Porta Nuova, Milano, Lombardia, 20124, Italia","{'type': 'Point', 'coordinates': [9.1990117, 45.4792194]}","24, Piazza della Repubblica, Centrale, Porta Nuova, Milano, Lombardia, 20124, Italia",POINT
via rocca gino,Milano,"1, Via privata Gino Rocca, Villaggio dei Giornalisti, Municipio 2, Milano, Lombardia, 20125, Italia","{'type': 'Point', 'coordinates': [9.2029126, 45.4995049]}","1, Via privata Gino Rocca, Villaggio dei Giornalisti, Municipio 2, Milano, Lombardia, 20125, Italia",POINT
via caproni gianni,Milano,"Via Gianni Caproni, Cassina de' Pomm, Municipio 2, Milano, Lombardia, 20125, Italia","{'type': 'Point', 'coordinates': [9.2053932, 45.496078]}","Via Gianni Caproni, Cassina de' Pomm, Municipio 2, Milano, Lombardia, 20125, Italia",POINT
via koerner guglielmo,Milano,"5, Via Guglielmo Koerner, Niguarda - Cà Granda, Pratocentenaro, Milano, Lombardia, 20162, Italia","{'type': 'Point', 'coordinates': [9.2009051, 45.5101771]}","5, Via Guglielmo Koerner, Niguarda - Cà Granda, Pratocentenaro, Milano, Lombardia, 20162, Italia",POINT
via salis ulisse,Milano,"Via Giuseppe Finzi, Affori, Milano, Lombardia, 20161, Italia","{'type': 'Point', 'coordinates': [9.1733731, 45.5144753]}","Via Giuseppe Finzi, Affori, Milano, Lombardia, 20161, Italia",POINT
via padova,Milano,"Via Padova, Cascina Gobba, Municipio 2, Milano, Lombardia, 20093, Italia","{'type': 'Point', 'coordinates': [9.2636183, 45.5135267]}","Via Padova, Cascina Gobba, Municipio 2, Milano, Lombardia, 20093, Italia",POINT
via treves emilio,Milano,"6, Via Emilio Treves, Parco Lambro - Cimiano, Municipio 3, Milano, Lombardia, 20132, Italia","{'type': 'Point', 'coordinates': [9.2362454, 45.4882804]}","6, Via Emilio Treves, Parco Lambro - Cimiano, Municipio 3, Milano, Lombardia, 20132, Italia",POINT
via tofane,Milano,"Via Tofane, Padova, Gorla, Milano, Lombardia, 20126, Italia","{'type': 'Point', 'coordinates': [9.2194556, 45.5032605]}","Via Tofane, Padova, Gorla, Milano, Lombardia, 20126, Italia",POINT
via macchi mauro,Milano,"87, Via Mauro Macchi, Loreto, Milano, Lombardia, 20172, Italia","{'type': 'Point', 'coordinates': [9.2118537, 45.4888567]}","87, Via Mauro Macchi, Loreto, Milano, Lombardia, 20172, Italia",POINT
via amedeo d'aosta,Milano,"13, Via Amedeo d'Aosta, Buenos Aires - Venezia, Città Studi, Milano, Lombardia, 20129, Italia","{'type': 'Point', 'coordinates': [9.2181483, 45.4754605]}","13, Via Amedeo d'Aosta, Buenos Aires - Venezia, Città Studi, Milano, Lombardia, 20129, Italia",POINT
via denti francesco,Milano,"Il Barotto, Via Francesco Denti, Città Studi, Milano, Lombardia, 20100, Italia","{'type': 'Point', 'coordinates': [9.2241843, 45.4757877]}","Il Barotto, Via Francesco Denti, Città Studi, Milano, Lombardia, 20100, Italia",POINT
via crescenzago,Milano,"Via Rombon, Lambrate, Municipio 3, Milano, Lombardia, 20134, Italia","{'type': 'Point', 'coordinates': [9.2431086, 45.4863122]}","Via Rombon, Lambrate, Municipio 3, Milano, Lombardia, 20134, Italia",POINT
via cavriana,Milano,"Via Alfonso Gatto, Zona delle Regioni, Quartiere Forlanini, Milano, Lombardia, 20134, Italia","{'type': 'Point', 'coordinates': [9.2390384, 45.464261]}","Via Alfonso Gatto, Zona delle Regioni, Quartiere Forlanini, Milano, Lombardia, 20134, Italia",POINT
largo marinai d'italia,Milano,"Palazzina Liberty, Via Augusto Anfossi, XXII Marzo, Porta Vittoria, Milano, Lombardia, 20130, Italia","{'type': 'Point', 'coordinates': [9.215786258278147, 45.459785600000004]}","Palazzina Liberty, Via Augusto Anfossi, XXII Marzo, Porta Vittoria, Milano, Lombardia, 20130, Italia",POINT
via cena giovanni,Milano,"31, Via Giovanni Cena, Zona delle Regioni, Porta Vittoria, Milano, Lombardia, 20135, Italia","{'type': 'Point', 'coordinates': [9.2225349, 45.4607786]}","31, Via Giovanni Cena, Zona delle Regioni, Porta Vittoria, Milano, Lombardia, 20135, Italia",POINT
piazzale cuoco vincenzo,Milano,"4, Piazzale Vincenzo Cuoco, Ortomercato, Calvairate, Milano, Lombardia, 20137, Italia","{'type': 'Point', 'coordinates': [9.2246953, 45.450906]}","4, Piazzale Vincenzo Cuoco, Ortomercato, Calvairate, Milano, Lombardia, 20137, Italia",POINT
via cossa alfonso,Milano,"Via Alfonso Cossa, Mecenate, Quartiere Forlanini, Monluè, Milano, Lombardia, 20138, Italia","{'type': 'Point', 'coordinates': [9.2465068, 45.4603398]}","Via Alfonso Cossa, Mecenate, Quartiere Forlanini, Milano, Lombardia, 20138, Italia",POINT
viale forlanini enrico,Milano,"Viale Enrico Forlanini, Parco Monluè - Ponte Lambro, Municipio 4, Casanova, Milano, Lombardia, 2134, Italia","{'type': 'Point', 'coordinates': [9.2540696, 45.461888]}","Viale Enrico Forlanini, Parco Monluè - Ponte Lambro, Municipio 4, Casanova, Milano, Lombardia, 2134, Italia",POINT
via marignano,Milano,"1, Via Marignano, Triulzo Superiore, Rogoredo, San Donato Milanese, Milano, Lombardia, 20138, Italia","{'type': 'Point', 'coordinates': [9.2520719, 45.4258226]}","1, Via Marignano, Triulzo Superiore, Rogoredo, San Donato Milanese, Milano, Lombardia, 20138, Italia",POINT
via bonfadini romualdo,Milano,"Rogoredo, Milano Santa Giulia, Milano, Lombardia, Italia","{'type': 'Point', 'coordinates': [9.242224902185177, 45.4369273]}","Rogoredo, Municipio 4, Milano, Lombardia, 20138, Italia",POINT
via san bernardo,Milano,"4351_14933, Chiaravalle, Municipio 5, Chiaravalle, Milano, Lombardia, 20097, Italia","{'type': 'Point', 'coordinates': [9.2384183, 45.4169192]}","4351_14933, Chiaravalle, Municipio 5, Chiaravalle, Milano, Lombardia, 20097, Italia",POINT
via bonfadini romualdo,Milano,"Via Romualdo Bonfadini, Ortomercato, Calvairate, Milano, Lombardia, 20137, Italia","{'type': 'Point', 'coordinates': [9.2285596, 45.4485022]}","Via Romualdo Bonfadini, Ortomercato, Calvairate, Milano, Lombardia, 20137, Italia",POINT
via morivione,Milano,"Via Morivione, Ex Om - Morivione, Vigentino, Milano, Lombardia, 20141, Italia","{'type': 'Point', 'coordinates': [9.1954443, 45.4410661]}","Via Morivione, Ex Om - Morivione, Vigentino, Milano, Lombardia, 20141, Italia",POINT
via ripamonti giuseppe,Milano,"211, Via Giuseppe Ripamonti, Ripamonti, Vigentino, Milano, Lombardia, 20141, Italia","{'type': 'Point', 'coordinates': [9.2020219, 45.430782]}","211, Via Giuseppe Ripamonti, Ripamonti, Vigentino, Milano, Lombardia, 20141, Italia",POINT
via ripamonti giuseppe,Milano,"Via Giuseppe Ripamonti, Ripamonti, Vigentino, Milano, Lombardia, 20141, Italia","{'type': 'Point', 'coordinates': [9.2006036, 45.4361686]}","Via Giuseppe Ripamonti, Quintosole, Municipio 5, Quintosole, Milano, Lombardia, 20141, Italia",POINT
via manduria,Milano,"Via Manduria, Ronchetto delle Rane, Municipio 5, Ronchetto delle Rane, Milano, Lombardia, 20142, Italia","{'type': 'Point', 'coordinates': [9.1808063, 45.4028784]}","Via Manduria, Ronchetto delle Rane, Municipio 5, Ronchetto delle Rane, Milano, Lombardia, 20142, Italia",POINT
via selvanesco,Milano,"Via Selvanesco, Gratosoglio - Ticinello, Gratosoglio, Milano, Lombardia, 20142, Italia","{'type': 'Point', 'coordinates': [9.1760414, 45.4151696]}","Via Selvanesco, Gratosoglio - Ticinello, Gratosoglio, Milano, Lombardia, 20142, Italia",POINT
via antonini giacomo,Milano,"Via Giacomo Antonini, Ex Om - Morivione, Vigentino, Milano, Lombardia, 20141, Italia","{'type': 'Point', 'coordinates': [9.1949012, 45.4372241]}","Via Giacomo Antonini, Morivione, Municipio 5, Milano, Lombardia, 20141, Italia",POINT
via bazzi carlo,Milano,"Via Carlo Bazzi, Morivione, Municipio 5, Milano, Lombardia, 20136, Italia","{'type': 'Point', 'coordinates': [9.187715, 45.4456026]}","Via Carlo Bazzi, Morivione, Municipio 5, Milano, Lombardia, 20136, Italia",POINT
piazzale cantore antonio,Milano,"UBI Banca Popolare Commercio&Industria, Via Francesco Carchidio, Navigli, Porta Genova, Milano, Lombardia, 20144, Italia","{'type': 'Point', 'coordinates': [9.1719698, 45.4555986]}","UBI Banca Popolare Commercio&Industria, Via Francesco Carchidio, Navigli, Porta Genova, Milano, Lombardia, 20144, Italia",POINT
via portaluppi ambrogi,Milano,"Dorelanbed, Via Ambrogio Portaluppi, San Cristoforo, Barona, Milano, Lombardia, 20143, Italia","{'type': 'Point', 'coordinates': [9.1520371, 45.4397329]}","Dorelanbed, Via Ambrogio Portaluppi, San Cristoforo, Barona, Milano, Lombardia, 20143, Italia",POINT
via sessa giannino,Milano,"Via Giannino Sessa, Barona, Milano, Lombardia, 20090, Italia","{'type': 'Point', 'coordinates': [9.1498246, 45.4365789]}","Via Giannino Sessa, Barona, Milano, Lombardia, 20090, Italia",POINT
alzaia naviglio pavese,Milano,"Alzaia Naviglio Pavese, Conca Fallata, Municipio 5, Milano, Lombardia, 20142, Italia","{'type': 'Point', 'coordinates': [9.1683175, 45.4243417]}","Alzaia Naviglio Pavese, Conca Fallata, Cantalupa, Milano, Lombardia, 20142, Italia",POINT
viale coni zugna,Milano,"12, Viale Coni Zugna, San Vittore, Municipio 1, Milano, Lombardia, 20144, Italia","{'type': 'Point', 'coordinates': [9.1651444, 45.4598255]}","12, Viale Coni Zugna, San Vittore, Municipio 1, Milano, Lombardia, 20144, Italia",POINT
via lorenteggio,Milano,"Quacquarelli, Via Lorenteggio, Bande Nere, Lorenteggio, Milano, Lombardia, 20146, Italia","{'type': 'Point', 'coordinates': [9.143513, 45.45249]}","Quacquarelli, Via Lorenteggio, Bande Nere, Lorenteggio, Milano, Lombardia, 20146, Italia",POINT
via lorenteggio,Milano,"Vodafone Village, Lorenteggio, Milano, Lombardia, Italia","{'type': 'Point', 'coordinates': [9.123608366764836, 45.44729275]}","Vodafone Village, Lorenteggio, Milano, Lombardia, Italia",POINT
via mastronardi lucio,Milano,"Via Lucio Mastronardi, Muggiano, Milano, Lombardia, 20019, Italia","{'type': 'Point', 'coordinates': [9.0678492, 45.4521591]}","Via Lucio Mastronardi, Muggiano, Milano, Lombardia, 20019, Italia",POINT
via castrovillari,Milano,"Scuola dell'Infanzia Comunale, Via Castrovillari, Baggio, Milano, Lombardia, 20153, Italia","{'type': 'Point', 'coordinates': [9.088380494011691, 45.45576015]}","Scuola dell'Infanzia Comunale, Via Castrovillari, Baggio, Milano, Lombardia, 20153, Italia",POINT
via ferreri giulio,Milano,"Via Giulio Ferreri, Forze Armate, Quarto Cagnino, Milano, Lombardia, 20147, Italia","{'type': 'Point', 'coordinates': [9.1215092, 45.4698779]}","Via Giulio Ferreri, Forze Armate, Quarto Cagnino, Milano, Lombardia, 20147, Italia",POINT
piazza buonarroti michelangelo,Milano,"Casa di Riposo Giuseppe Verdi, Via Monte Rosa, San Pietro in Sala, Municipio 8, Milano, Lombardia, 20145, Italia","{'type': 'Point', 'coordinates': [9.154422958490368, 45.47030375]}","Casa di Riposo Giuseppe Verdi, Via Monte Rosa, San Pietro in Sala, Municipio 8, Milano, Lombardia, 20145, Italia",POINT
via pompeo,Milano,"Via Demetrio Stratos, Tre Torri, Tre Torri-Fiera, Milano, Lombardia, 20149, Italia","{'type': 'Point', 'coordinates': [9.1514932, 45.4779646]}","Via Demetrio Stratos, Tre Torri, Tre Torri-Fiera, Milano, Lombardia, 20149, Italia",POINT
via san giusto,Milano,"Via Passo Tre Croci, San Siro, Quarto Cagnino, Milano, Lombardia, 20147, Italia","{'type': 'Point', 'coordinates': [9.1190284, 45.4733671]}","Via Passo Tre Croci, San Siro, Quarto Cagnino, Milano, Lombardia, 20147, Italia",POINT
via engels federico,Milano,"Via Stanislao Cannizzaro, Quarto Cagnino, Milano, Lombardia, 20153, Italia","{'type': 'Point', 'coordinates': [9.1091959, 45.4742501]}","Via Stanislao Cannizzaro, Quarto Cagnino, Milano, Lombardia, 20153, Italia",POINT
via caldera,Milano,"Via Caldera, Quinto Romano, Milano, Lombardia, 20153, Italia","{'type': 'Point', 'coordinates': [9.0896632, 45.4749479]}","Via Caldera, Quinto Romano, Milano, Lombardia, 20153, Italia",POINT
via novara,Milano,"Via Novara, Parco Bosco In Città, Figino, Settimo Milanese, Milano, Lombardia, 20019, Italia","{'type': 'Point', 'coordinates': [9.0650812, 45.4884776]}","Via Novara, Figino, Milano, Lombardia, 20019, Italia",POINT
piazza scolari rosa,Milano,"Lloyds Farmacia piazza R. Scolari, Piazza Rosa Scolari, Trenno, Milano, Lombardia, 20151, Italia","{'type': 'Point', 'coordinates': [9.1010394, 45.4904036]}","Lloyds Farmacia piazza R. Scolari, Piazza Rosa Scolari, Trenno, Milano, Lombardia, 20151, Italia",POINT
via diomede,Milano,"62, Via Diomede, San Siro, Lampugnano, Milano, Lombardia, 20151, Italia","{'type': 'Point', 'coordinates': [9.1272302, 45.485567]}","62, Via Diomede, San Siro, Lampugnano, Milano, Lombardia, 20151, Italia",POINT
via sironi mario,Milano,"Via Mario Sironi, Qt 8, QT8, Milano, Lombardia, 20148, Italia","{'type': 'Point', 'coordinates': [9.1344631, 45.4855919]}","Via Mario Sironi, Qt 8, QT8, Milano, Lombardia, 20148, Italia",POINT
via volta alessandro,Milano,"Circolo ex Combattenti e Reduci, Viale Montello, Porta Volta, Municipio 1, Milano, Lombardia, 20154, Italia","{'type': 'Point', 'coordinates': [9.181696005195334, 45.48171145]}","Circolo ex Combattenti e Reduci, Viale Montello, Porta Volta, Municipio 1, Milano, Lombardia, 20154, Italia",POINT
piazza firenze,Milano,"Piazza Firenze, Ghisolfa, Cagnola, Milano, Lombardia, 20154, Italia","{'type': 'Point', 'coordinates': [9.1575494, 45.4882704]}","Piazza Firenze, Ghisolfa, Cagnola, Milano, Lombardia, 20154, Italia",POINT
viale serra renato,Milano,"Viale Renato Serra, Villapizzone, Portello, Milano, Lombardia, 20149, Italia","{'type': 'Point', 'coordinates': [9.1480079, 45.4878962]}","Viale Renato Serra, Villapizzone, Portello, Milano, Lombardia, 20149, Italia",POINT
viale certosa,Milano,"Viale Certosa, Maggiore - Musocco, Garegnano, Milano, Lombardia, 20151, Italia","{'type': 'Point', 'coordinates': [9.1244961, 45.5023182]}","Viale Certosa, Maggiore - Musocco, Municipio 8, Milano, Lombardia, 20151, Italia",POINT
via grassi g. battista,Milano,"Via Giovanni Battista Grassi, Sacco, Roserio, Milano, Lombardia, 20157, Italia","{'type': 'Point', 'coordinates': [9.1220942, 45.5159058]}","Via Giovanni Battista Grassi, Sacco, Roserio, Milano, Lombardia, 20157, Italia",POINT
via val formazza,Milano,"The Hub, Via privata Val Formazza, Stephenson, Musocco, Milano, Lombardia, 20157, Italia","{'type': 'Point', 'coordinates': [9.120581150000003, 45.51359425]}","Via privata Val Formazza, Stephenson, Musocco, Milano, Lombardia, 20157, Italia",POINT
via porretta,Milano,"Quarto Oggiaro, Milano, Lombardia, 20157, Italia","{'type': 'Point', 'coordinates': [9.136715835784795, 45.5140346]}","Quarto Oggiaro, Milano, Lombardia, Italia",POINT
via degli artigianelli,Milano,"via degli artigianelli, Dergano, Montalbino, Milano, Lombardia, 20159, Italia","{'type': 'Point', 'coordinates': [9.1865742, 45.5013547]}","Via degli Artigianelli, Dergano, Montalbino, Milano, Lombardia, 20159, Italia",POINT
via scialoia vittorio,Milano,"Via Vittorio Scialoia, Affori, Municipio 9, Milano, Lombardia, 20161, Italia","{'type': 'Point', 'coordinates': [9.1786153, 45.5117078]}","Via Vittorio Scialoia, Affori, Municipio 9, Milano, Lombardia, 20161, Italia",POINT
via spadini armando,Milano,"Via Armando Spadini, Comasina, Milano, Lombardia, 20161, Italia","{'type': 'Point', 'coordinates': [9.1586883, 45.5283021]}","Via Armando Spadini, Comasina, Milano, Lombardia, 20161, Italia",POINT
viale fermi enrico,Milano,"Viale Enrico Fermi, Parco Nord, Municipio 9, Milano, Lombardia, 20161, Italia","{'type': 'Point', 'coordinates': [9.1782676, 45.518129]}","Viale Enrico Fermi, Parco Nord, Municipio 9, Milano, Lombardia, 20161, Italia",POINT
alzaia naviglio pavese,Milano,"Alzaia Naviglio Pavese, Parco dei Navigli, Cantalupa, Assago, Milano, Lombardia, 20142, Italia","{'type': 'Point', 'coordinates': [9.1612697, 45.4122073]}","Alzaia Naviglio Pavese, Parco dei Navigli, Cantalupa, Assago, Milano, Lombardia, 20142, Italia",POINT
via sora,Milano,"Via Sora, Parco Bosco In Città, Trenno, Milano, Lombardia, 20153, Italia","{'type': 'Point', 'coordinates': [9.100735, 45.4814183]}","Via Sora, Parco Bosco In Città, Trenno, Milano, Lombardia, 20153, Italia",POINT
